ano,titulo,autores,link,motivo,resumo_pt,veredito_dc,explicacao_dc
2026,Panoramic photoacoustic computed tomography with learning-based classification enhances breast lesion characterization.,"Tong X, Liu CZ, Luo Y, Lin L, Dzubnar J, Invernizzi M, Delos Santos S, Zhang Y, Cao R, Hu P, Zheng J, Torres J, Kasabyan A, Lai LL, Yee LD, Wang LV",https://pubmed.ncbi.nlm.nih.gov/40555759/,"O estudo utiliza Tomografia Computacional Fotoacústica (PACT), que não é uma modalidade de mamografia.","O estudo apresenta uma nova abordagem utilizando Tomografia Computacional Fotoacústica (PACT) para caracterização de lesões mamárias, desenvolvendo classificadores baseados em aprendizado para distinguir entre tecidos normais e suspeitos. Os resultados mostram uma área sob a curva de 0,89, comparável aos padrões de imagem convencionais. No entanto, a PACT não é uma forma de mamografia.",exclude,"A exclusão está correta, pois o estudo utiliza Tomografia Computacional Fotoacústica (PACT), que não se enquadra nas modalidades de mamografia especificadas nos critérios de inclusão."
2026,Interpretable machine learning for personalized breast cancer screening recommendations.,"Berry S, Görgülü B, Tunc S, Cevik M",https://pubmed.ncbi.nlm.nih.gov/41636932/,"O estudo não menciona o uso de mamografia ou qualquer técnica de imagem associada, focando apenas em recomendações de triagem baseadas em histórico médico e fatores de risco.","O estudo propõe uma abordagem de aprendizado de máquina para identificar recomendações de triagem personalizadas para câncer de mama, utilizando histórico médico e fatores de risco. Os modelos de aprendizado de máquina demonstraram alta precisão com complexidade computacional reduzida, mas não abordam diretamente a aplicação em mamografias.",exclude,"A exclusão está correta, pois o estudo não menciona o uso de mamografia ou qualquer técnica de imagem associada, focando apenas em recomendações de triagem baseadas em histórico médico e fatores de risco, o que viola os critérios de inclusão."
2026,Results from a Swedish model-based analysis of the cost-effectiveness of AI-assisted digital mammography.,"Lyth J, Gialias P, Husberg M, Bernfort L, Bjerner T, Wiberg MK, Levin LÅ, Gustafsson H",https://pubmed.ncbi.nlm.nih.gov/40684064/,O estudo é uma análise de custo-efetividade e não apresenta dados sobre a acurácia ou métricas de performance da IA aplicada à mamografia.,"O estudo avaliou a custo-efetividade da mamografia digital assistida por IA em comparação com a mamografia convencional com leitura dupla. Utilizando um modelo de Markov, os resultados mostraram que a estratégia de IA-DM é dominante, resultando em economia de custos e ganho de anos de vida ajustados pela qualidade (QALYs). No entanto, não foram reportadas métricas de desempenho da IA.",exclude,"O estudo se concentra na análise de custo-efetividade e não fornece métricas de acurácia ou desempenho da IA, violando o critério de 'Falta de Dados'."
2025,"Artificial intelligence-assisted ultrasound screening for breast cancer in China: a prospective, clustered, controlled, population-based study.","Shen J, Liu Y, Liu A, Gu X, Zhou J, Jiang P, Mo M, Zhang L, Yang C, Zhou C, Wang Z, Xie Z, Yao W, Zhou S, Zheng Y, Chang C",https://pubmed.ncbi.nlm.nih.gov/41057952/,"O estudo se concentra em triagem de câncer de mama usando ultrassom assistido por IA, sem incluir mamografia, o que viola os critérios de inclusão.",O estudo avaliou a eficácia da triagem de câncer de mama assistida por IA usando ultrassom em uma população na China. Participantes de 35 a 69 anos foram divididos em grupos que receberam triagem com IA ou triagem rotineira. Os resultados mostraram que a triagem assistida por IA teve uma sensibilidade significativamente maior na detecção de câncer de mama em comparação com a triagem rotineira.,exclude,"A exclusão está correta, pois o estudo se concentra exclusivamente em triagem de câncer de mama usando ultrassom assistido por IA, sem incluir mamografia, o que viola claramente os critérios de inclusão."
2025,Preferences for the Use of Artificial Intelligence for Breast Cancer Screening in Australia: A Discrete Choice Experiment.,"Woode ME, De Silva Perera U, Degeling C, Aquino YSJ, Houssami N, Carter SM, Chen G",https://pubmed.ncbi.nlm.nih.gov/40347323/,"O estudo não envolve a aplicação de algoritmos de Deep Learning em mamografias, mas sim a preferência das mulheres sobre o uso de IA em serviços de triagem, sem dados sobre desempenho ou métricas de acurácia.","Este estudo investigou as preferências de mulheres australianas em relação ao uso de inteligência artificial na triagem do câncer de mama. A pesquisa utilizou experimentos de escolha discreta para avaliar as preferências em relação a diferentes métodos de leitura, mas não apresentou dados sobre a aplicação de Deep Learning ou métricas de desempenho. Os resultados indicaram uma preferência por métodos que combinam radiologistas e sistemas de IA.",exclude,"O estudo realmente não envolve a aplicação de algoritmos de Deep Learning em mamografias e não fornece métricas de desempenho, o que justifica a exclusão com base nos critérios estabelecidos."
2025,Integrating deep learning features from mammography with SHAP values for a machine learning model predicting over 5-year recurrence of breast ductal carcinoma In Situ post-lumpectomy.,"Sha Y, Yuan Q, Du Y, Yang S, Niu M, Liang X, Sun S, Li T, Gong S, Han J",https://pubmed.ncbi.nlm.nih.gov/41030436/,"O estudo não utiliza algoritmos de Deep Learning, mas sim métodos de machine learning tradicionais com características extraídas de mamografias.","O estudo analisou 140 pacientes com carcinoma ductal in situ (DCIS) para prever a recorrência pós-lumpectomia. Embora utilize características de mamografia, os algoritmos aplicados são de machine learning tradicionais, não de Deep Learning. O modelo com melhor desempenho teve AUC de 0,918, mas não atende aos critérios de inclusão.",exclude,"A exclusão está correta, pois o estudo utiliza métodos de machine learning tradicionais e não algoritmos de Deep Learning, conforme os critérios de inclusão."
2025,Deep Learning for Tumor Segmentation and Multiclass Classification in Breast Ultrasound Images Using Pretrained Models.,"ArunKumar KE, Wilson ME, Blake NE, Yost TJ, Walker M",https://pubmed.ncbi.nlm.nih.gov/41471551/,"O estudo se concentra exclusivamente em imagens de ultrassom e não menciona mamografia, violando o critério de inclusão.","O estudo desenvolveu técnicas de segmentação de imagem e classificação multiclass para imagens de ultrassom de mama usando modelos pré-treinados. Os resultados mostraram que o modelo DeepLabV3 teve um desempenho superior em termos de coeficiente de similaridade de Dice e AUC. No entanto, o foco foi apenas em ultrassom, sem incluir mamografia.",exclude,"A exclusão está correta, pois o estudo se concentra exclusivamente em imagens de ultrassom, o que viola claramente o critério de inclusão que requer o uso de mamografia."
2025,A RF-based end-to-end Breast Cancer Prediction algorithm.,Win KN,https://pubmed.ncbi.nlm.nih.gov/40752401/,"O estudo utiliza um algoritmo baseado em Random Forest, que não se enquadra na categoria de Deep Learning exigida pelos critérios de inclusão.","O artigo propõe um algoritmo de previsão de câncer de mama baseado em Random Forest, utilizando conjuntos de dados de câncer de mama e mamografia. Os resultados mostram que o algoritmo supera outros métodos de aprendizado de máquina, mas não utiliza Deep Learning.",exclude,"A exclusão está correta, pois o estudo utiliza um algoritmo baseado em Random Forest, que não se enquadra nos critérios de inclusão que exigem o uso de algoritmos de Deep Learning."
2025,Efficient hybrid heuristic adopted deep learning framework for diagnosing breast cancer using thermography images.,"Bani Ahmad AYA, Alzubi JA, Vasanthan M, Kondaveeti SB, Shreyas J, Priyanka TP",https://pubmed.ncbi.nlm.nih.gov/40253418/,"O estudo utiliza imagens de termografia em vez de mamografia, o que não atende aos critérios de inclusão.","O estudo apresenta uma abordagem de diagnóstico de câncer de mama utilizando imagens de termografia e um novo modelo de deep learning chamado StackVRDNet. Os resultados mostram uma acurácia de 97,05% e precisão de 86,86%. No entanto, a pesquisa não envolve mamografia, que é um critério essencial para inclusão.",exclude,"A exclusão está correta, pois o estudo utiliza apenas imagens de termografia, que não se enquadram nos critérios de inclusão que exigem o uso de mamografia."
2025,Benign vs malignant tumors classification from tumor outlines in mammography scans using artificial intelligence techniques.,"Beni HM, Asaei FY",https://pubmed.ncbi.nlm.nih.gov/40983013/,"O estudo não utiliza a imagem mamográfica completa, mas apenas contornos de tumores extraídos, o que não se alinha com os critérios de inclusão que requerem o uso de imagens de mamografia digital.","O estudo visa classificar tumores benignos e malignos com base em contornos extraídos de imagens de mamografia, utilizando redes neurais convolucionais pré-treinadas. Embora tenha reportado métricas de desempenho, não utiliza as imagens mamográficas completas, mas apenas os contornos dos tumores. Os resultados mostraram alta acurácia e especificidade na classificação.",exclude,"A exclusão está correta, pois o estudo utiliza apenas contornos de tumores extraídos e não as imagens mamográficas completas, o que viola claramente os critérios de inclusão que requerem o uso de mamografia digital."
2025,An Interpretable Hybrid AI Model for Breast Fine Needle Aspiration Cytology Image Classification.,"Kalita M, Mahanta LB, Das AK, Laskar D",https://pubmed.ncbi.nlm.nih.gov/41381926/,"O estudo se concentra em imagens de citologia por punção aspirativa fina (FNAC) e não em mamografia, violando o critério de população.","O estudo apresenta um modelo híbrido de IA para classificação de imagens de citologia por punção aspirativa fina da mama, utilizando técnicas de deep learning como Inception-V3 e MobileNet-V2. O modelo alcançou alta acurácia, sensibilidade e especificidade, mas não aborda mamografia, o que o torna inadequado para a revisão.",exclude,"A exclusão está correta, pois o estudo se concentra em imagens de citologia por punção aspirativa fina (FNAC) e não envolve mamografia, violando claramente o critério de população da revisão."
2025,Applying YOLOv6 as an ensemble federated learning framework to classify breast cancer pathology images.,"Gupta C, Gill NS, Gulia P, Alduaiji N, Shreyas J, Shukla PK",https://pubmed.ncbi.nlm.nih.gov/39885198/,"O estudo utiliza imagens patológicas de câncer de mama, não mamografias, o que não atende ao critério de população.","O estudo investiga a implementação de aprendizado federado com o modelo YOLOv6 para classificar imagens patológicas de câncer de mama. O modelo alcançou uma precisão de validação de 98% no conjunto de dados BreakHis e 97% no BUSI. Os resultados foram comparados com outros algoritmos, mostrando desempenho superior.",exclude,"A exclusão está correta, pois o estudo utiliza imagens patológicas de câncer de mama, que não se enquadram nos critérios de inclusão que exigem o uso de mamografias."
2025,Enhancing Specificity in Predicting Axillary Lymph Node Metastasis in Breast Cancer through an Interpretable Machine Learning Model with CEM and Ultrasound Integration.,"Xu W, Zheng B, Wen C, Zeng H, Wang S, He Z, Liao X, Chen W, Li Y, Qin G",https://pubmed.ncbi.nlm.nih.gov/40241520/,"O estudo utiliza apenas CEM e ultrassom, sem incluir mamografia, o que viola os critérios de inclusão.","O estudo avaliou um modelo de machine learning interpretável para prever metástase em linfonodos axilares em câncer de mama, utilizando características de mamografia contrastada (CEM) e ultrassom. O modelo alcançou uma AUC de 0.762 e uma especificidade de 86.67%. Apesar dos resultados promissores, o estudo não incluiu mamografia, limitando sua relevância para a revisão.",exclude,"A exclusão está correta, pois o estudo utiliza apenas CEM e ultrassom sem a inclusão de mamografia, o que viola claramente os critérios de inclusão da revisão."
2025,A Multitask CNN for Near-Infrared Probe: Enhanced Real-Time Breast Cancer Imaging.,"Momtahen M, Golnaraghi F",https://pubmed.ncbi.nlm.nih.gov/40285039/,"O estudo utiliza uma tecnologia de imagem diferente (Near-infrared Scan) que não é mamografia, portanto não atende ao critério de população.","O estudo apresenta uma abordagem utilizando um probe de imagem por infravermelho próximo e uma rede neural convolucional multitarefa para melhorar a detecção de câncer de mama. Embora os resultados mostrem alta precisão na classificação, a tecnologia não envolve mamografia, o que exclui o artigo da revisão.",exclude,"A exclusão está correta, pois o estudo utiliza uma tecnologia de imagem diferente da mamografia, o que viola claramente o critério de população da revisão."
2025,Radiomic analysis of cohort-specific diagnostic errors in reading dense mammograms using artificial intelligence.,"Tao X, Gandomkar Z, Li T, Brennan PC, Reed WM",https://pubmed.ncbi.nlm.nih.gov/39383202/,"O estudo utiliza uma abordagem de radiômica com modelos de random forest, não se enquadrando nos critérios de Deep Learning exigidos.","Este estudo investiga erros de interpretação de radiologistas ao ler mamografias densas usando uma abordagem de inteligência artificial baseada em radiômica. Radiologistas de duas coortes (China e Austrália) leram mamografias e foram identificadas áreas normais que pareciam suspeitas. O estudo reporta AUCs para prever falsos positivos e negativos, mas não utiliza algoritmos de Deep Learning.",exclude,"A exclusão está correta, pois o estudo utiliza uma abordagem de radiômica com modelos de random forest, que não se enquadra nos critérios de inclusão que exigem o uso de algoritmos de Deep Learning."
2025,Application of Tuning-ensemble N-Best in Auto-Sklearn for Mammographic Radiomic Analysis for Breast Cancer Prediction.,"Ismail FA, Karim MKA, Zaidon SIA, Noor KA",https://pubmed.ncbi.nlm.nih.gov/40755094/,"O estudo utiliza um framework de AutoML e se concentra em características radiômicas, sem aplicar algoritmos de Deep Learning como CNNs ou GANs.","O estudo investiga o uso do Auto-Sklearn para a classificação de tumores mamários com base em características radiômicas extraídas de imagens de mamografia. Embora tenha alcançado uma acurácia de 76,16% no conjunto de teste, o foco em técnicas de aprendizado de máquina automatizado não se alinha com o uso de Deep Learning. Os resultados mostram que o Auto-Sklearn pode melhorar a classificação, mas não utiliza IA moderna baseada em Deep Learning.",exclude,"A exclusão está correta, pois o estudo utiliza um framework de AutoML e se concentra em características radiômicas, sem aplicar algoritmos de Deep Learning, conforme os critérios de exclusão estabelecidos."
2025,Performance of AI-Based software in predicting malignancy risk in breast lesions identified on targeted ultrasound.,"Lima, Isadora Ribeiro Monteiro, Cruz, Rachel Malheiros, de Lima Rodrigues, Célia Luiza, Lago, Bianca Miranda, da Cunha, Ricardo Fernandes, Damião, Soraia Quaranta, Wanderley, Mariah Carneiro, Bitencourt, Almir Galvão Vieira",https://dx.doi.org/10.1016/j.ejrad.2025.112339,"O estudo utiliza apenas ultrassom para identificar lesões, sem associação com mamografia, o que viola os critérios de inclusão.","O estudo avaliou o desempenho de um software baseado em IA na predição do risco de malignidade em lesões mamárias identificadas por ultrassom direcionado. Foram analisadas 334 lesões, com alta sensibilidade e especificidade do software em comparação com a avaliação dos radiologistas. O estudo conclui que a IA pode melhorar a precisão diagnóstica e reduzir falsos positivos, mas não envolve mamografia.",exclude,"A exclusão está correta, pois o estudo se concentra exclusivamente em ultrassom para identificar lesões, sem qualquer associação com mamografia, o que viola claramente os critérios de inclusão da revisão."
2025,Intelligent and precise auxiliary diagnosis of breast tumors using deep learning and radiomics.,"Wang, Ting, Zang, Boyang, Kong, Chui, Li, Yigang, Yang, Xiaomin, Yu, Yi",https://www.ncbi.nlm.nih.gov/pmc/articles/PMC12129318,"O estudo utiliza apenas conjuntos de dados de ultrassom para validação, sem incluir mamografia.","O estudo desenvolveu um modelo de diagnóstico inteligente combinando deep learning e radiomics para melhorar o diagnóstico de tumores mamários. O modelo foi validado usando conjuntos de dados de ultrassom, alcançando uma acurácia de 83,84% em validação interna. No entanto, não foram utilizados dados de mamografia, o que viola os critérios de inclusão.",exclude,"A exclusão está correta, pois o estudo utiliza apenas dados de ultrassom para validação, o que viola claramente os critérios de inclusão que exigem o uso de mamografia."
2025,Application Value of Deep Learning-Based AI Model in the Classification of Breast Nodules.,"Zhi, Shaogang, Cai, Xiaoxia, Zhou, Wei, Qian, Peipei",https://dx.doi.org/10.12968/hmed.2025.0078,"O estudo utiliza apenas ultrassom para a classificação de nódulos mamários, sem envolver mamografia.","O estudo desenvolveu um modelo de IA baseado em deep learning para auxiliar na classificação de nódulos mamários utilizando ultrassom. A pesquisa analisou 558 pacientes e comparou a eficácia do modelo com a dos médicos, mostrando melhorias na sensibilidade e especificidade. No entanto, não envolve mamografia, que é um critério essencial para inclusão.",exclude,"A exclusão está correta, pois o estudo utiliza apenas ultrassom para a classificação de nódulos mamários, sem envolver mamografia, o que viola claramente os critérios de inclusão da revisão."
2025,"GPT-4o and Specialized AI in Breast Ultrasound Imaging: A Comparative Study on Accuracy, Agreement, Limitations, and Diagnostic Potential.","Sanli, Deniz Esin Tekcan, Sanli, Ahmet Necati, Buyukdereli Atadag, Yildiz, Kurt, Atakan, Esmerer, Emel",https://dx.doi.org/10.1002/jum.16749,O estudo se concentra exclusivamente em imagens de ultrassom e não envolve mamografia.,"Este estudo avaliou a capacidade do ChatGPT e do Breast Ultrasound Helper em analisar e diferenciar lesões benignas e malignas em imagens de ultrassom. Foram analisadas 232 imagens, com resultados mostrando desempenho moderado a bom, mas a compatibilidade com as avaliações dos radiologistas foi limitada. O estudo conclui que a aplicação clínica dessas ferramentas em interpretação de ultrassom mamário ainda é prematura e não confiável.",exclude,"A exclusão está correta, pois o estudo se concentra exclusivamente em imagens de ultrassom, que não se enquadra nos critérios de inclusão que exigem o uso de mamografia."
2025,Whole-lesion-aware network based on freehand ultrasound video for breast cancer assessment: a prospective multicenter study.,"Han, Jie, Gao, Yuanjing, Huo, Ling, Wang, Dong, Xie, Xiaozheng, Zhang, Rui, Xiao, Mengsu, Zhang, Nan, Lei, Meng, Wu, Quanlin, Ma, Lu, Sun, Chao, Wang, Xinyi, Liu, Lei, Cheng, Shuzhen, Tang, Binghui, Wang, Liwei, Zhu, Qingli, Wang, Yong",https://www.ncbi.nlm.nih.gov/pmc/articles/PMC12172377,"O estudo utiliza apenas ultrassom e não envolve mamografia, violando o critério de inclusão.","O estudo propõe uma rede de inteligência artificial baseada em vídeo de ultrassom livre para avaliar o risco de câncer de mama. A rede WAUVE foi comparada com modelos estáticos e demonstrou desempenho superior em relação a um modelo específico, mas não envolve mamografia. Os resultados mostraram desempenho comparável ao de radiologistas experientes.",exclude,"A exclusão está correta, pois o estudo utiliza apenas ultrassom, que é um critério de exclusão claro, já que não envolve mamografia."
2025,Evaluation of AI diagnostic systems for breast ultrasound: comparative analysis with radiologists and the effect of AI assistance.,"Tsuyuzaki, Sayumi, Fujioka, Tomoyuki, Yamaga, Emi, Katsuta, Leona, Mori, Mio, Yashima, Yuka, Hara, Mayumi, Sato, Arisa, Onishi, Iichiroh, Tsukada, Jitsuro, Aruga, Tomoyuki, Kubota, Kazunori, Tateishi, Ukihide",https://www.ncbi.nlm.nih.gov/pmc/articles/PMC12479558,"O estudo é focado em ultrassom e não envolve mamografia, violando o critério de inclusão.","Este estudo avaliou a precisão diagnóstica de um sistema de diagnóstico assistido por IA para ultrassom de mama, comparando seu desempenho com o de radiologistas. O sistema demonstrou alta sensibilidade (91,1%) e especificidade (92,4%), além de melhorar a eficiência diagnóstica, especialmente para radiologistas menos experientes. No entanto, não envolve mamografia.",exclude,"A exclusão está correta, pois o estudo se concentra exclusivamente em ultrassom, que é um critério de exclusão claro, já que não envolve mamografia."
2025,Clinical application value of ultrasound artificial intelligence technology in the diagnosis of breast nodules.,"Wu, Yijuan, Huang, Peiyu, Guo, Weiping, Zhang, Ying, Xu, Xiaolan, Ye, Shuang, Wu, Chao",https://dx.doi.org/10.1177/13860291241305491,"O estudo utiliza apenas Ultrassom e não menciona mamografia, violando o critério de inclusão.","O estudo investiga a eficácia da tecnologia de inteligência artificial S-Detect em ultrassonografia para o diagnóstico diferencial de nódulos mamários benignos e malignos. Os resultados mostram uma acurácia de 85,9% e sensibilidade de 91,5%, mas não envolve mamografia, o que exclui o artigo da revisão.",exclude,"A exclusão está correta, pois o estudo se concentra exclusivamente em Ultrassom e não envolve mamografia, conforme os critérios de exclusão estabelecidos."
2025,Using artificial intelligence system for assisting the classification of breast ultrasound glandular tissue components in dense breast tissue.,"Yan, Hongju, Dai, Chaochao, Xu, Xiaojing, Qiu, Yuxuan, Yu, Lifang, Huang, Lewen, Lin, Bei, Huang, Jianan, Jiang, Chenxiang, Shen, Yingzhao, Ji, Jing, Li, Youcheng, Bao, Lingyun",https://www.ncbi.nlm.nih.gov/pmc/articles/PMC11973185,"O estudo utiliza apenas ultrassom para análise, sem associação com mamografia.","O estudo investiga o uso de modelos de inteligência artificial para classificar componentes glandulares em tecido mamário denso utilizando ultrassom. Um total de 1.848 mulheres saudáveis com mamografias classificadas como mamas densas foram incluídas. O modelo ResNet 101 demonstrou desempenho superior em comparação com outros modelos, melhorando a sensibilidade e o valor preditivo positivo dos radiologistas.",exclude,"A exclusão está correta, pois o estudo se concentra exclusivamente em ultrassom, sem qualquer associação com mamografia, violando os critérios de inclusão da revisão."
2025,"Integration of AI lesion classification, age, and BI-RADS assessment to reduce benign biopsies on breast ultrasound.","Ju, Yan, Zhang, Ge, Wan, Yi, Wang, Gang, Shu, Rui, Zhang, Panpan, Song, Hongping",https://dx.doi.org/10.1007/s00330-025-11467-7,"O estudo se concentra em ultrassom e não menciona mamografia, portanto não atende ao critério de população.","O estudo desenvolveu e testou estratégias de evitação de biópsias benignas integrando classificação de lesões por IA, idade e avaliação BI-RADS em ultrassom mamário. Os resultados mostraram uma melhoria na especificidade sem comprometer a sensibilidade, evitando uma porcentagem significativa de biópsias desnecessárias. No entanto, não envolve mamografia.",exclude,"A exclusão está correta, pois o estudo se concentra exclusivamente em ultrassom e não envolve mamografia, violando o critério de população da revisão."
2025,Impact of an artificial intelligence decision support system among radiologists with different levels of experience in breast ultrasound: A prospective study in a tertiary center.,"Irmici, Giovanni, Cozzi, Andrea, Depretto, Catherine, Della Pepa, Gianmarco, Ancona, Eleonora, Bonanomi, Alice, Ballerini, Daniela, D'Ascoli, Elisa, De Berardinis, Claudia, Marziali, Sara, Giambersio, Emilia, Scaperrotta, Gianfranco",https://dx.doi.org/10.1016/j.ejrad.2025.112012,"O estudo se concentra em ultrassom e não menciona mamografia, violando o critério de inclusão.","O estudo avaliou o impacto de um sistema de suporte à decisão de inteligência artificial (Koios DS) na performance diagnóstica de radiologistas com diferentes níveis de experiência em ultrassom de mama. Os resultados mostraram que a aplicação do Koios DS melhorou a acurácia dos radiologistas e reduziu o número de biópsias desnecessárias. No entanto, o foco foi exclusivamente em ultrassom, sem envolvimento de mamografia.",exclude,"A exclusão está correta, pois o estudo se concentra exclusivamente em ultrassom, que é um critério de exclusão claro, já que não envolve mamografia."
2025,Economics of AI and human task sharing for decision making in screening mammography.,"Ahsen, Mehmet Eren, Ayvaci, Mehmet U S, Mookerjee, Radha, Stolovitzky, Gustavo",https://www.ncbi.nlm.nih.gov/pmc/articles/PMC11889172,"O estudo foca na viabilidade econômica da integração da IA na triagem de mamografias, mas não fornece dados sobre a performance da IA em termos de métricas como AUC, sensibilidade ou especificidade.","O estudo avalia a viabilidade econômica da integração da inteligência artificial (IA) na triagem de mamografias, considerando diferentes estratégias de automação e alocação de tarefas entre radiologistas e IA. Os resultados indicam que a estratégia de delegação pode levar a economias de custos significativas. No entanto, não são apresentadas métricas de desempenho da IA em relação à detecção de câncer.",exclude,"A exclusão está correta, pois o artigo não fornece dados sobre a performance da IA em termos de métricas como AUC, sensibilidade ou especificidade, conforme exigido pelos critérios de inclusão."
2025,The Transformative Power of Digital Breast Tomosynthesis and Artificial Intelligence in Breast Cancer Diagnosis.,"Freitas, Vivianne, Ghai, Sandeep, Au, Frederick, Muradali, Derek, Kulkarni, Supriya",https://dx.doi.org/10.1177/08465371241301957,"O artigo é uma revisão que discute os benefícios da combinação de AI e DBT, mas não apresenta dados primários ou métricas de performance específicas.","O artigo revisa a integração da Tomossíntese Digital (DBT) com Inteligência Artificial (IA) no diagnóstico do câncer de mama, destacando como essa combinação pode reduzir biópsias desnecessárias e melhorar a experiência do paciente. Embora mencione benefícios potenciais, não fornece dados ou resultados de estudos específicos.",exclude,"A decisão de exclusão está correta, pois o artigo é uma revisão de literatura que não apresenta dados primários ou métricas de performance, conforme os critérios de exclusão."
2025,Suitability of ChatGPT as a Source of Patient Information for Screening Mammography.,"Spuur, Kelly, Currie, Geoff, Al-Mousa, Dana, Pape, Ruth",https://www.ncbi.nlm.nih.gov/pmc/articles/PMC12149468,"O estudo não envolve o uso de algoritmos de Deep Learning aplicados a imagens de mamografia, mas sim a avaliação de informações geradas por ChatGPT sobre mamografia.","O estudo avaliou a eficácia do ChatGPT3.5 e ChatGPT4 como fontes de informação para pacientes sobre mamografia de rastreamento. Os resultados mostraram que ambos os modelos apresentaram baixa precisão e clareza nas informações, o que pode prejudicar a participação no rastreamento do câncer de mama. O estudo conclui que o ChatGPT é uma fonte não confiável para informações sobre mamografia.",exclude,"A exclusão está correta, pois o estudo não aborda o uso de algoritmos de Deep Learning aplicados a imagens de mamografia, mas sim a avaliação de informações geradas por um modelo de linguagem, o que não se alinha aos critérios de inclusão da revisão."
2025,Smart scanning: automatic detection of superficially located lymph nodes using ultrasound - initial results.,"Rink, Maximilian, Künzel, Julian, Stroszczynski, Christian, Jung, Friedrich, Jung, Ernst Michael",https://dx.doi.org/10.1055/a-2331-0951,"O estudo se concentra em ultrassonografia e não menciona mamografia, violando o critério de inclusão.","O estudo avaliou a detecção automática de linfonodos superficiais usando ultrassonografia assistida por IA. Os programas testados mostraram uma precisão de 78,6% na identificação de linfonodos, mas não abordam a avaliação de malignidade. O foco principal é em ultrassonografia, não em mamografia.",exclude,"A exclusão está correta, pois o estudo se concentra exclusivamente em ultrassonografia e não envolve mamografia, violando claramente os critérios de inclusão da revisão."
2024,Cost-Effectiveness of AI for Risk-Stratified Breast Cancer Screening.,"Hill H, Roadevin C, Duffy S, Mandrik O, Brentnall A",https://pubmed.ncbi.nlm.nih.gov/39235813/,"O estudo não envolve diretamente o uso de algoritmos de Deep Learning aplicados a imagens de mamografia, mas sim uma análise de custo-efetividade de um modelo de predição de risco.","Este estudo avaliou a custo-efetividade da incorporação de um modelo de IA para triagem estratificada de risco no programa nacional de rastreamento do câncer de mama do Reino Unido. Embora tenha mostrado que a triagem estratificada pode ser econômica e aumentar a qualidade de vida, não se concentra na aplicação de Deep Learning em mamografias.",exclude,"A exclusão está correta, pois o estudo se concentra na análise de custo-efetividade de um modelo de predição de risco e não aborda diretamente o uso de algoritmos de Deep Learning aplicados a imagens de mamografia, conforme os critérios de inclusão."
2024,Deep transfer learning based hierarchical CAD system designs for SFM images.,"Rani J, Singh J, Virmani J",https://pubmed.ncbi.nlm.nih.gov/39949254/,"O estudo utiliza imagens SFM (Screen Film Mammography), que não se enquadram nas modalidades de mamografia digital, tomossíntese ou mamografia espectral especificadas nos critérios de inclusão.","O estudo apresenta um sistema CAD hierárquico baseado em aprendizado profundo para classificação de massas mamográficas utilizando quatro modelos de transferência de aprendizado. Foram utilizadas 518 imagens do conjunto de dados DDSM, com resultados de precisão de até 93%. O sistema desenvolvido mostrou-se promissor para a classificação de massas mamográficas.",exclude,"A exclusão está correta, pois o estudo utiliza apenas imagens de SFM, que não se enquadram nas modalidades de mamografia digital, tomossíntese ou mamografia espectral especificadas nos critérios de inclusão."
2024,Efficient labeling of french mammogram reports with MammoBERT.,"Dehghani N, Saliba-Colombani V, Chick A, Heng M, Operto G, Fillard P",https://pubmed.ncbi.nlm.nih.gov/39438627/,"O estudo foca em processamento de texto de relatórios de mamografia e não em imagens de mamografia, não atendendo ao critério de intervenção.","O estudo apresenta uma abordagem baseada em BERT para rotulagem eficiente de relatórios de mamografia em francês. A pesquisa destaca a superioridade do modelo MammoBERT em relação a sistemas baseados em regras, reduzindo a necessidade de anotações de radiologistas. No entanto, não aborda diretamente a análise de imagens de mamografia.",exclude,"A exclusão está correta, pois o estudo se concentra no processamento de texto de relatórios de mamografia e não aborda diretamente o uso de algoritmos de Deep Learning em imagens de mamografia, violando assim o critério de intervenção."
2024,Precancerous Change Detection Technique on Mammography Breast Cancer Images based on Mean Ratio and Log Ratio using Fuzzy c Mean Classification with Gabor Filter.,"Jamil R, Dong M, Bano S, Javed A, Abdullah M",https://pubmed.ncbi.nlm.nih.gov/38803183/,"O estudo utiliza técnicas de detecção de mudança em imagens de mamografia, mas não menciona o uso de algoritmos de Deep Learning, focando em métodos clássicos de classificação.","O estudo investiga técnicas de detecção de mudanças em imagens de mamografia para identificar câncer de mama, utilizando operadores de razão média e logaritmo com classificação Fuzzy c Mean e filtro de Gabor. Os resultados mostram alta acurácia nas técnicas propostas, mas não envolvem Deep Learning. A precisão média alcançada foi de 0.9738.",exclude,"A exclusão está correta, pois o estudo utiliza técnicas clássicas de classificação e não menciona o uso de algoritmos de Deep Learning, violando assim os critérios de inclusão da revisão."
2024,Adaptive Machine Learning Approach for Importance Evaluation of Multimodal Breast Cancer Radiomic Features.,"Del Corso G, Germanese D, Caudai C, Anastasi G, Belli P, Formica A, Nicolucci A, Palma S, Pascali MA, Pieroni S, Trombadori C, Colantonio S, Franchini M, Molinaro S",https://pubmed.ncbi.nlm.nih.gov/38478187/,"O estudo utiliza apenas imagens de ABVS e DBT, sem incluir mamografia, o que viola os critérios de inclusão.","O estudo analisou a classificação de câncer de mama usando imagens do Automated Breast Volume Scanner (ABVS) e Tomossíntese Digital (DBT). Foram treinados modelos de aprendizado de máquina para avaliar características radiômicas, alcançando AUC-ROC de até 92,1% com DBT. Os resultados sugerem uma complementaridade entre as duas modalidades, mas não envolvem mamografia.",exclude,"A exclusão está correta, pois o estudo utiliza apenas imagens de ABVS e DBT, sem incluir mamografia, o que viola claramente os critérios de inclusão que exigem a utilização de mamografia digital."
2024,Towards precision medicine in breast imaging: A novel open mammography database with tailor-made 3D image retrieval for AI and teaching.,"Monteiro Cordeiro N, Facina G, Pinto Nazário AC, Monteiro Sanvido V, Araujo Neto JT, Rodrigues Dos Santos E, Domingues da Silva M, Elias S",https://pubmed.ncbi.nlm.nih.gov/38498955/,"O estudo não envolve a aplicação de algoritmos de Deep Learning em mamografia, mas sim a criação de um banco de dados de imagens mamográficas.","O estudo apresenta um banco de dados inovador de mamografias para auxiliar no diagnóstico do câncer de mama, especialmente em ambientes com poucos recursos. O banco contém 941 imagens mamográficas, mas não menciona o uso de algoritmos de Deep Learning ou métricas de desempenho relacionadas à detecção de câncer.",exclude,"A exclusão está correta, pois o estudo se concentra na criação de um banco de dados de imagens mamográficas e não na aplicação de algoritmos de Deep Learning, conforme os critérios de inclusão."
2024,"TECRR: a benchmark dataset of radiological reports for BI-RADS classification with machine learning, deep learning, and large language model baselines.","Hussain S, Naseem U, Ali M, Avendaño Avalos DB, Cardona-Huerta S, Bosques Palomo BA, Tamez-Peña JG",https://pubmed.ncbi.nlm.nih.gov/39444035/,"O estudo não envolve a aplicação de Deep Learning em imagens de mamografia, mas sim na classificação de relatórios radiológicos.","O estudo apresenta um conjunto de dados de relatórios radiológicos para classificação BI-RADS, utilizando técnicas de aprendizado de máquina e deep learning. Foram comparados diversos classificadores, incluindo LSTM e BERT, com resultados de sensibilidade reportados. O foco principal é a criação de um repositório para futuras investigações, não envolvendo mamografias diretamente.",exclude,"A exclusão está correta, pois o estudo não envolve a aplicação de Deep Learning em imagens de mamografia, mas sim na classificação de relatórios radiológicos, o que viola os critérios de inclusão."
2024,Probing clarity: AI-generated simplified breast imaging reports for enhanced patient comprehension powered by ChatGPT-4o.,"Maroncelli R, Rizzo V, Pasculli M, Cicciarelli F, Macera M, Galati F, Catalano C, Pediconi F",https://pubmed.ncbi.nlm.nih.gov/39477904/,"O estudo não envolve o uso de mamografia com algoritmos de Deep Learning, mas sim a simplificação de relatórios de radiologia usando um modelo de linguagem, sem métricas de performance relacionadas à detecção de câncer.","O estudo avaliou a confiabilidade e a compreensibilidade de relatórios de radiologia mamária simplificados por inteligência artificial, utilizando o modelo de linguagem ChatGPT-4o. Foram analisados relatórios de mamografia, ultrassom e ressonância magnética, com foco na clareza e precisão das informações. Os resultados mostraram que os relatórios simplificados mantiveram alta precisão e melhoraram a compreensão dos pacientes.",exclude,"O estudo não aborda o uso de algoritmos de Deep Learning aplicados a mamografia, mas sim a simplificação de relatórios, o que não se alinha aos critérios de inclusão da revisão."
2024,Breast cancer diagnosis using support vector machine optimized by improved quantum inspired grey wolf optimization.,"Bilal A, Imran A, Baig TI, Liu X, Abouel Nasr E, Long H",https://pubmed.ncbi.nlm.nih.gov/38730250/,"O estudo utiliza Support Vector Machines (SVM) e não menciona o uso de Deep Learning, que é um critério essencial para inclusão.","O estudo propõe uma abordagem híbrida que combina um otimizador inspirado em quantum com máquinas de vetor de suporte para melhorar a classificação do câncer de mama. Os resultados mostram alta acurácia, sensibilidade e especificidade, mas não utiliza algoritmos de Deep Learning. O desempenho é avaliado no conjunto de dados MIAS.",exclude,"A exclusão está correta, pois o estudo utiliza Support Vector Machines, que não se enquadra nos critérios de inclusão que exigem o uso de algoritmos de Deep Learning."
2024,Revolutionizing breast ultrasound diagnostics with EfficientNet-B7 and Explainable AI.,"Latha, M, Kumar, P Santhosh, Chandrika, R Roopa, Mahesh, T R, Kumar, V Vinoth, Guluwadi, Suresh",https://www.ncbi.nlm.nih.gov/pmc/articles/PMC11367906,"O estudo se concentra exclusivamente em imagens de ultrassom e não menciona mamografia, violando o critério de inclusão.","O estudo propõe uma metodologia utilizando EfficientNet-B7 para classificar imagens de ultrassom da mama, abordando problemas de desequilíbrio de classes e melhorando a robustez do modelo. O modelo alcançou uma precisão de 99,14%, superando abordagens anteriores. Além disso, técnicas de IA explicável foram integradas para aumentar a interpretabilidade das previsões.",exclude,"A exclusão está correta, pois o estudo se concentra exclusivamente em imagens de ultrassom, o que viola claramente o critério de inclusão que requer o uso de mamografia."
2024,Segmentation-based BI-RADS ensemble classification of breast tumours in ultrasound images.,"Bobowicz, Maciej, Badocha, Mikolaj, Gwozdziewicz, Katarzyna, Rygusik, Marlena, Kalinowska, Paulina, Szurowska, Edyta, Dziubich, Tomasz",https://dx.doi.org/10.1016/j.ijmedinf.2024.105522,"O estudo utiliza apenas imagens de ultrassom e não envolve mamografia, violando o critério de inclusão.","O estudo aborda a classificação automática de lesões mamárias em imagens de ultrassom usando métodos de segmentação e uma nova abordagem de classificação em ensemble. Os resultados mostraram alta acurácia e desempenho em classificações binárias e BI-RADS. No entanto, o foco em ultrassom exclui a inclusão na revisão sobre mamografia.",exclude,"A exclusão está correta, pois o estudo utiliza apenas imagens de ultrassom, o que viola claramente os critérios de inclusão que exigem o uso de mamografia."
2024,Enhancing Breast Cancer Diagnosis: A Nomogram Model Integrating AI Ultrasound and Clinical Factors.,"Yu, Zi-Han, Hong, Yu-Ting, Chou, Chen-Pin",https://dx.doi.org/10.1016/j.ultrasmedbio.2024.05.012,"O estudo utiliza apenas ultrassom para a detecção de massas mamárias, sem incluir mamografia.","O estudo apresenta um modelo de nomograma que integra inteligência artificial e fatores clínicos para prever massas mamárias benignas e malignas usando ultrassom. A análise foi realizada em 340 massas mamárias, e o nomograma que incorpora dados clínicos superou o modelo baseado apenas em IA. Os resultados mostraram AUCs significativamente mais altos para o nomograma clínico em comparação ao modelo AI-nomograma.",exclude,"A exclusão está correta, pois o estudo utiliza apenas ultrassom para a detecção de massas mamárias, sem incluir mamografia, o que viola claramente os critérios de inclusão da revisão."
2024,"Artificial intelligence-based, semi-automated segmentation for the extraction of ultrasound-derived radiomics features in breast cancer: a prospective multicenter study.","Bartolotta, Tommaso Vincenzo, Militello, Carmelo, Prinzi, Francesco, Ferraro, Fabiola, Rundo, Leonardo, Zarcaro, Calogero, Dimarco, Mariangela, Orlando, Alessia Angela Maria, Matranga, Domenica, Vitabile, Salvatore",https://www.ncbi.nlm.nih.gov/pmc/articles/PMC11252191,"O estudo utiliza apenas Ultrassom para a segmentação e não envolve mamografia, violando o critério de inclusão.","O estudo investiga a viabilidade de uma segmentação semi-automática baseada em IA para a extração de características radiômicas derivadas de ultrassom em lesões mamárias focais. A segmentação foi validada em um coorte externa, mostrando resultados de sensibilidade e especificidade. No entanto, o foco em ultrassom exclui o artigo da revisão.",exclude,"A exclusão está correta, pois o estudo utiliza apenas Ultrassom para a segmentação, sem envolver mamografia, o que viola claramente os critérios de inclusão da revisão."
2024,Artificial intelligence for ultrasound microflow imaging in breast cancer diagnosis.,"Eun, Na Lae, Lee, Eunjung, Park, Ah Young, Son, Eun Ju, Kim, Jeong-Ah, Youk, Ji Hyun",https://dx.doi.org/10.1055/a-2230-2455,"O estudo utiliza apenas Ultrassom (US) e não envolve mamografia, violando o critério de inclusão.","O estudo desenvolveu e avaliou algoritmos de inteligência artificial para imagem de microfluxo por ultrassom no diagnóstico de câncer de mama. Foram coletados dados de 516 lesões mamárias, e os algoritmos mostraram desempenho superior ao ultrassom convencional. A combinação de ultrassom e IA reduziu significativamente a taxa de falsos positivos.",exclude,"A exclusão está correta, pois o estudo se concentra exclusivamente em Ultrassom e não envolve mamografia, o que viola claramente os critérios de inclusão da revisão."
2024,Evaluating ChatGPT's accuracy in providing screening mammography recommendations among older women: Artificial Intelligence and cancer communication.,"Braithwaite, Dejana, Karanth, Shama D, Divaker, Joel, Shoenborn, Nancy, Lin, Kenneth, Richman, Ilana, Hochhegger, Bruno, O'Neill, Suzanne, Schonberg, Mara",https://dx.doi.org/10.1111/jgs.18854,"O artigo não apresenta dados sobre a aplicação de algoritmos de Deep Learning em mamografia, focando apenas em recomendações de rastreamento sem análise de imagens.","O estudo avalia a precisão do ChatGPT em fornecer recomendações de mamografia para mulheres idosas, mas não envolve o uso de algoritmos de Deep Learning aplicados a imagens de mamografia.",exclude,"A decisão de exclusão está correta, pois o artigo não aborda a aplicação de algoritmos de Deep Learning em imagens de mamografia, conforme os critérios de inclusão da revisão."
2024,BUS-BRA: A breast ultrasound dataset for assessing computer-aided diagnosis systems.,"Gómez-Flores, Wilfrido, Gregorio-Calas, Maria Julia, Coelho de Albuquerque Pereira, Wagner",https://dx.doi.org/10.1002/mp.16812,"O estudo se concentra exclusivamente em ultrassom mamário e não menciona mamografia, violando o critério de inclusão.","O estudo apresenta um conjunto de dados de ultrassom mamário (BUS) para avaliação de sistemas de diagnóstico auxiliado por computador. O conjunto inclui imagens anotadas de lesões e categorias BI-RADS, mas não aborda mamografia. O foco é na segmentação e classificação de lesões em ultrassom, não em mamografia.",exclude,"A exclusão está correta, pois o estudo se concentra exclusivamente em ultrassom mamário, sem qualquer menção a mamografia, o que viola claramente os critérios de inclusão."
2024,AI in breast cancer screening: a critical overview of what we know.,"Raya-Povedano, José Luis",https://www.ncbi.nlm.nih.gov/pmc/articles/PMC11213721,"O artigo é uma revisão crítica e não apresenta dados primários ou métricas de performance, não se encaixando nos critérios de inclusão.","O artigo é uma revisão crítica sobre o uso de IA na triagem do câncer de mama, mas não fornece dados originais ou métricas de desempenho.",exclude,"A decisão de exclusão está correta, pois o artigo é uma revisão de literatura, que não se encaixa nos critérios de inclusão para análise de dados primários."
2024,Artificial Intelligence in BI-RADS Categorization of Breast Lesions on Ultrasound: Can We Omit Excessive Follow-ups and Biopsies?,"Guldogan, Nilgun, Taskin, Fusun, Icten, Gul Esen, Yilmaz, Ebru, Turk, Ebru Banu, Erdemli, Servet, Parlakkilic, Ulku Tuba, Turkoglu, Ozlem, Aribal, Erkin",https://dx.doi.org/10.1016/j.acra.2023.11.031,"O estudo utiliza apenas ultrassonografia e não envolve mamografia, violando o critério de inclusão.","O estudo avaliou o desempenho de um sistema de IA na categorização BI-RADS de lesões mamárias detectadas por ultrassonografia. Foram analisadas 715 massas em 530 pacientes, com resultados mostrando que a IA pode ajudar a reduzir biópsias desnecessárias e seguimentos excessivos. No entanto, o foco em ultrassonografia exclui o artigo da revisão.",exclude,"A exclusão está correta, pois o estudo se concentra exclusivamente em ultrassonografia, sem envolver mamografia, o que viola claramente os critérios de inclusão da revisão."
2024,Diagnostic Performance of Artificial Intelligence-Based Computer-Aided Detection Software for Automated Breast Ultrasound.,"Kwon, Mi-Ri, Youn, Inyoung, Lee, Mi Yeon, Lee, Hyun-Ah",https://dx.doi.org/10.1016/j.acra.2023.09.013,"O estudo utiliza apenas Ultrassom Automatizado (ABUS) e não envolve mamografia, violando o critério de inclusão.","O estudo avaliou o desempenho diagnóstico de software de detecção assistida por computador baseado em IA em ultrassons automatizados de mama. Foram analisadas 262 lesões, e o desempenho dos radiologistas melhorou significativamente com a ajuda da IA. No entanto, o estudo não envolve mamografia, o que o exclui da revisão.",exclude,"A exclusão está correta, pois o estudo se concentra exclusivamente em Ultrassom Automatizado (ABUS) e não envolve mamografia, violando claramente os critérios de inclusão da revisão."
2024,Editorial Comment: Artificial Intelligence May Help Define Screening Strategies in Patients With Dense Breasts.,"Butler, Reni S",https://dx.doi.org/10.2214/AJR.23.30042,O artigo é um editorial e não apresenta dados primários ou pesquisa original.,"O artigo é um comentário editorial sobre o papel da inteligência artificial na definição de estratégias de rastreamento em pacientes com mamas densas, mas não contém dados de pesquisa.",exclude,"A decisão de exclusão está correta, pois o artigo é um editorial, que não se encaixa nos critérios de inclusão que requerem dados primários ou pesquisa original."
2023,Artificial Intelligence in Breast X-Ray Imaging.,"Vedantham S, Shazeeb MS, Chiang A, Vijayaraghavan GR",https://pubmed.ncbi.nlm.nih.gov/36792270/,O artigo é uma revisão e não apresenta dados primários ou métricas de performance específicas sobre o uso de IA em mamografia.,"Este artigo é uma revisão sobre as aplicações da inteligência artificial na imagem de raios-X da mama, discutindo seu potencial para estimar risco de câncer e auxiliar na detecção. Embora mencione a mamografia, não apresenta dados de estudos específicos ou métricas de desempenho.",exclude,"O artigo é uma revisão de literatura, o que está claramente alinhado com os critérios de exclusão, pois não apresenta dados primários ou métricas de performance específicas."
2023,Deep learning for differentiating benign from malignant tumors on breast-specific gamma image.,"Yu X, Dong M, Yang D, Wang L, Wang H, Ma L",https://pubmed.ncbi.nlm.nih.gov/37038782/,"O estudo utiliza imagens de gamma específicas para mama (BSGI), que não é uma modalidade de mamografia.","O estudo investiga o uso de um modelo de deep learning para diferenciar tumores benignos de malignos utilizando imagens de gamma específicas para mama. O modelo baseado na rede neural convolucional ResNet18 apresentou alta acurácia, sensibilidade e especificidade. Os resultados sugerem que a metodologia pode auxiliar no diagnóstico rápido e confiável de tumores mamários.",exclude,"A exclusão está correta, pois o estudo utiliza uma modalidade de imagem (BSGI) que não se enquadra nos critérios de inclusão que especificam o uso de mamografia digital, tomossíntese ou mamografia espectral."
2023,Ambiguity-aware breast tumor cellularity estimation via self-ensemble label distribution learning.,"Li X, Liang X, Luo G, Wang W, Wang K, Li S",https://pubmed.ncbi.nlm.nih.gov/37708709/,O estudo foca na estimativa de celularidade tumoral e não menciona a aplicação de mamografia ou qualquer técnica de imagem relacionada à detecção de câncer de mama.,"Este estudo propõe um novo framework para a estimativa de celularidade tumoral em câncer de mama, utilizando aprendizado de distribuição de rótulos. Os resultados experimentais mostram que o método proposto supera as abordagens existentes, mas não aborda diretamente a mamografia.",exclude,"O estudo se concentra na estimativa de celularidade tumoral e não aborda mamografia ou técnicas de imagem relacionadas, violando claramente os critérios de inclusão da revisão."
2023,Cost-effectiveness requirements for implementing artificial intelligence technology in the Women's UK Breast Cancer Screening service.,"Vargas-Palacios, Armando, Sharma, Nisha, Sagoo, Gurdeep S",https://www.ncbi.nlm.nih.gov/pmc/articles/PMC10542368,"O estudo não apresenta dados sobre a arquitetura da IA ou métricas de performance específicas, focando apenas na viabilidade econômica da implementação.","O estudo avalia a viabilidade econômica da implementação de tecnologia de inteligência artificial como segundo leitor em mamografias no programa de rastreamento do NHS no Reino Unido. Embora a IA tenha mostrado ser não inferior aos leitores humanos, o artigo não fornece métricas de desempenho específicas. Os resultados sugerem que a IA pode ser uma alternativa viável e custo-efetiva.",exclude,"A exclusão está correta, pois o estudo não fornece dados sobre a arquitetura da IA ou métricas de performance, focando apenas na viabilidade econômica, o que viola os critérios de inclusão."
2023,Artificial intelligence for breast cancer screening: breathtaking results and a word of caution.,"Segnan, Nereo, Ponti, Antonio",https://dx.doi.org/10.1016/S1470-2045(23)00336-4,O artigo é um editorial e não apresenta dados primários ou resultados de um estudo original.,"O artigo discute a inteligência artificial na triagem do câncer de mama, mas não fornece dados de pesquisa ou resultados de um estudo.",exclude,"A decisão de exclusão está correta, pois o artigo é um editorial e não apresenta dados primários ou resultados de um estudo original, conforme os critérios de exclusão."
2023,A role for breast ultrasound Artificial Intelligence decision support in the evaluation of small invasive lobular carcinomas.,"Amir, Tali, Coffey, Kristen, Sevilimedu, Varadan, Fardanesh, Reza, Mango, Victoria L",https://www.ncbi.nlm.nih.gov/pmc/articles/PMC10860082,"O estudo utiliza apenas Ultrassom para avaliação, sem envolver mamografia.","O estudo avaliou o desempenho de um sistema de suporte à decisão baseado em IA na avaliação de carcinomas lobulares invasivos (ILC) por ultrassom. A IA apresentou 100% de sensibilidade na identificação de ILCs, mas não envolve mamografia, que é um critério essencial para inclusão. Os resultados sugerem que a IA pode aumentar a confiança dos radiologistas na avaliação de lesões menores.",exclude,"A exclusão está correta, pois o estudo utiliza apenas Ultrassom para avaliação, o que viola claramente os critérios de inclusão que exigem o uso de mamografia."
2023,Excluding specificity from research and development priorities is delaying the AI adoption in breast cancer screening.,"Giorgi Rossi, Paolo",https://dx.doi.org/10.1007/s00330-023-09733-7,O artigo é um editorial e não apresenta dados primários ou pesquisa original sobre o uso de Deep Learning em mamografia.,"O artigo discute a importância da especificidade nas prioridades de pesquisa e desenvolvimento para a adoção de IA na triagem do câncer de mama, mas não apresenta um estudo original.",exclude,"O artigo é classificado como editorial, o que está claramente alinhado com os critérios de exclusão, pois não apresenta dados primários ou pesquisa original."
2023,Toward AI-supported US Triage of Women with Palpable Breast Lumps in a Low-Resource Setting.,"Berg, Wendie A, López Aldrete, Ana-Lilia, Jairaj, Ajit, Ledesma Parea, Juan Carlos, García, Claudia Yolanda, McClennan, R Chad, Cen, Steven Yong, Larsen, Linda H, de Lara, M Teresa Soler, Love, Susan",https://www.ncbi.nlm.nih.gov/pmc/articles/PMC10323289,"O estudo utiliza apenas Ultrassom para triagem de massas palpáveis, sem envolver mamografia.","O estudo demonstra que um software de inteligência artificial aplicado a imagens de ultrassom de mama pode classificar massas palpáveis em um ambiente de baixo recurso. A pesquisa incluiu 300 mulheres e avaliou a sensibilidade, especificidade e AUC, mostrando que a IA identificou corretamente a maioria dos casos de câncer. No entanto, não envolve mamografia, que é um critério essencial para inclusão.",exclude,"A exclusão está correta, pois o estudo utiliza apenas Ultrassom para triagem, sem envolver mamografia, o que viola claramente os critérios de inclusão da revisão."
2023,Screening outcome for interpretation by the first and second reader in a population-based mammographic screening program with independent double reading.,"Hovda, Tone, Sagstad, Silje, Larsen, Marthe, Chen, Yan, Hofvind, Solveig",https://dx.doi.org/10.1177/02841851231176272,"O estudo não envolve o uso de algoritmos de Deep Learning, focando apenas na comparação entre leitores humanos de mamografias.","O estudo analisou os resultados da leitura dupla de mamografias em um programa de rastreamento populacional, comparando as taxas de detecção de câncer entre o primeiro e o segundo leitor. Os dados foram coletados de mais de 800 mil mulheres, mas não houve uso de inteligência artificial ou deep learning. As diferenças nas taxas de interpretação foram consideradas clinicamente irrelevantes.",exclude,"A exclusão está correta, pois o estudo não envolve o uso de algoritmos de Deep Learning, conforme os critérios de inclusão da revisão."
2023,The Clinical Application of Artificial Intelligence Assisted Contrast-Enhanced Ultrasound on BI-RADS Category 4 Breast Lesions.,"Wang, Yuqun, Xu, Zhou, Tang, Lei, Zhang, Qi, Chen, Man",https://dx.doi.org/10.1016/j.acra.2023.03.005,"O estudo utiliza apenas Ultrassom e não envolve mamografia, violando o critério de inclusão.","O estudo propõe um novo método de deep learning para reduzir falsos positivos em lesões da categoria BI-RADS 4 usando ultrassom contrastado e convencional. Avaliou o desempenho do modelo em comparação com especialistas em ultrassom, mostrando uma AUC de 0.910. Os resultados indicam que o modelo pode ser útil clinicamente para minimizar biópsias desnecessárias.",exclude,"A exclusão está correta, pois o estudo utiliza apenas ultrassom e não envolve mamografia, conforme os critérios de exclusão estabelecidos."
2023,Long-Term Performance of an Image-Based Short-Term Risk Model for Breast Cancer.,"Eriksson, Mikael, Czene, Kamila, Vachon, Celine, Conant, Emily F, Hall, Per",https://www.ncbi.nlm.nih.gov/pmc/articles/PMC10414699,"O estudo não utiliza algoritmos de Deep Learning, mas sim um modelo de risco baseado em características mamográficas, o que não se enquadra nos critérios de inclusão.","O estudo avaliou um modelo de risco baseado em imagem para câncer de mama, comparando sua performance a um modelo tradicional. Foram analisadas 8.604 mulheres em um coorte de rastreamento mamográfico, e o modelo baseado em imagem apresentou AUCs superiores ao modelo Tyrer-Cuzick. O estudo conclui que o modelo de risco baseado em imagem pode identificar mulheres que se beneficiariam de triagens adicionais.",exclude,"A exclusão está correta, pois o estudo não utiliza algoritmos de Deep Learning, mas sim um modelo de risco baseado em características mamográficas, o que viola claramente os critérios de inclusão."
2023,"Artificial intelligence for digital breast tomosynthesis: Impact on diagnostic performance, reading times, and workload in the era of personalized screening.","Magni, Veronica, Cozzi, Andrea, Schiaffino, Simone, Colarieti, Anna, Sardanelli, Francesco",https://dx.doi.org/10.1016/j.ejrad.2022.110631,O artigo é uma revisão e não apresenta dados primários ou resultados de um estudo original.,"O artigo discute a aplicação da inteligência artificial na tomossíntese digital de mama, destacando melhorias na performance diagnóstica e redução de tempos de leitura. Embora mencione resultados de estudos, trata-se de uma revisão que não fornece dados primários ou métricas de performance específicas.",exclude,"O artigo é uma revisão de literatura e não apresenta dados primários, o que está em conformidade com os critérios de exclusão estabelecidos."
2023,An open-access breast lesion ultrasound image database : Applicable in artificial intelligence studies.,"Abbasian Ardakani, Ali, Mohammadi, Afshin, Mirza-Aghazadeh-Attari, Mohammad, Acharya, U Rajendra",https://dx.doi.org/10.1016/j.compbiomed.2022.106438,"O estudo se concentra apenas em imagens de ultrassonografia e não menciona mamografia, violando o critério de inclusão.","O artigo apresenta um banco de dados de imagens de ultrassonografia de lesões mamárias, com o objetivo de auxiliar no desenvolvimento de sistemas de diagnóstico auxiliado por computador. O foco está na coleta de dados de diferentes populações para melhorar a robustez dos sistemas CAD. No entanto, não aborda mamografia, que é um critério essencial para inclusão.",exclude,"A exclusão está correta, pois o estudo se concentra exclusivamente em imagens de ultrassonografia, sem qualquer menção a mamografia, o que viola claramente os critérios de inclusão."
2023,Active Surveillance for Atypical Ductal Hyperplasia and Ductal Carcinoma In Situ.,"Miceli, Rachel, Mercado, Cecilia L, Hernandez, Osvaldo, Chhor, Chloe",https://dx.doi.org/10.1093/jbi/wbad026,"O artigo é uma revisão sobre vigilância ativa para hiperplasia ductal atípica e carcinoma ductal in situ, sem foco em Deep Learning ou mamografia.","O artigo discute a vigilância ativa para hiperplasia ductal atípica e carcinoma ductal in situ, abordando a sobrecarga de biópsias e a necessidade de melhores diretrizes de manejo. Embora mencione avanços em inteligência artificial, não apresenta dados sobre a aplicação de Deep Learning em mamografias.",exclude,"A decisão de exclusão está correta, pois o artigo é uma revisão de literatura e não se concentra em algoritmos de Deep Learning aplicados a mamografia, conforme os critérios de exclusão."
2022,"Artificial intelligence, BI-RADS evaluation and morphometry: A novel combination to diagnose breast cancer using ultrasonography, results from multi-center cohorts.","Hamyoon, Hessam, Yee Chan, Wai, Mohammadi, Afshin, Yusuf Kuzan, Taha, Mirza-Aghazadeh-Attari, Mohammad, Leong, Wai Ling, Murzoglu Altintoprak, Kübra, Vijayananthan, Anushya, Rahmat, Kartini, Ab Mumin, Nazimah, Sam Leong, Sook, Ejtehadifar, Sajjad, Faeghi, Fariborz, Abolghasemi, Jamileh, Ciaccio, Edward J, Rajendra Acharya, U, Abbasian Ardakani, Ali",https://dx.doi.org/10.1016/j.ejrad.2022.110591,"O estudo utiliza apenas ultrassonografia para a classificação de lesões, sem incluir mamografia.","O estudo desenvolveu e validou um modelo de aprendizado de máquina para classificar lesões mamárias em imagens de ultrassonografia. Utilizando três coortes de dados, o modelo alcançou uma AUC de 0.885, superando o desempenho de radiologistas. Os resultados sugerem que características morfométricas podem melhorar as classificações existentes.",exclude,"A exclusão está correta, pois o estudo se concentra exclusivamente em ultrassonografia, que não se alinha aos critérios de inclusão que exigem o uso de mamografia."
2022,Artificial intelligence diagnosis based on breast ultrasound imaging.,"Lan, Zihan, Peng, Yulan",https://www.ncbi.nlm.nih.gov/pmc/articles/PMC10950100,"O estudo se concentra apenas em ultrassom e não menciona mamografia, violando os critérios de inclusão.","O artigo discute o desenvolvimento de tecnologias de diagnóstico por inteligência artificial baseadas em ultrassom para câncer de mama, abordando a eficiência diagnóstica e os desafios técnicos. No entanto, não envolve mamografia, que é um critério essencial para inclusão.",exclude,"A exclusão está correta, pois o estudo se concentra exclusivamente em ultrassom, sem envolver mamografia, o que viola claramente os critérios de inclusão."
2022,Evaluation of physician performance using a concurrent-read artificial intelligence system to support breast ultrasound interpretation.,"Lai, Yi-Chen, Chen, Hong-Hao, Hsu, Jen-Feng, Hong, Yi-Jun, Chiu, Ting-Ting, Chiou, Hong-Jen",https://www.ncbi.nlm.nih.gov/pmc/articles/PMC9379669,"O estudo se concentra em ultrassonografia mamária e não menciona mamografia, portanto não atende ao critério de população.","O estudo avaliou o desempenho de médicos na interpretação de ultrassonografia mamária com e sem o auxílio de um sistema de inteligência artificial. Os resultados mostraram que o uso do sistema melhorou a performance diagnóstica e reduziu o tempo de interpretação. No entanto, o foco foi exclusivamente em ultrassonografia, sem relação com mamografia.",exclude,"A exclusão está correta, pois o estudo se concentra exclusivamente em ultrassonografia mamária, que não atende ao critério de inclusão que requer a utilização de mamografia."
2022,Establishment of a deep-learning system to diagnose BI-RADS4a or higher using breast ultrasound for clinical application.,"Hayashida, Tetsu, Odani, Erina, Kikuchi, Masayuki, Nagayama, Aiko, Seki, Tomoko, Takahashi, Maiko, Futatsugi, Noriyuki, Matsumoto, Akiko, Murata, Takeshi, Watanuki, Rurina, Yokoe, Takamichi, Nakashoji, Ayako, Maeda, Hinako, Onishi, Tatsuya, Asaga, Sota, Hojo, Takashi, Jinno, Hiromitsu, Sotome, Keiichi, Matsui, Akira, Suto, Akihiko, Imoto, Shigeru, Kitagawa, Yuko",https://www.ncbi.nlm.nih.gov/pmc/articles/PMC9530860,"O estudo utiliza apenas ultrassom para diagnóstico, sem associação com mamografia.","O estudo desenvolveu um sistema de inteligência artificial para classificar imagens de ultrassom mamário em BI-RADS3 ou inferior e BI-RADS4a ou superior. O sistema alcançou uma AUC de 0,95, com sensibilidade de 91,2% e especificidade de 90,7%. A IA foi considerada superior ao desempenho de clínicos na classificação das imagens. No entanto, o estudo não envolve mamografia.",exclude,"A exclusão está correta, pois o estudo se concentra exclusivamente em ultrassom, sem qualquer associação com mamografia, violando os critérios de inclusão da revisão."
2022,[French breast cancer screening: What's the place of artificial intelligence?],"Thomassin-Naggara, Isabelle, Ceugnart, Luc, Tardivon, Anne, Verzaux, Laurent, Balleyguier, Corinne, Taourel, Patrice, Seradour, Brigitte",https://dx.doi.org/10.1016/j.bulcan.2022.04.008,"O artigo é uma revisão que discute o uso da IA na triagem do câncer de mama, mas não apresenta dados primários ou métricas de performance específicas.","O artigo discute o papel da inteligência artificial na triagem do câncer de mama na França em 2021, abordando diferentes tipos de uso e suas performances na literatura. Também apresenta uma visão geral das aplicações potenciais da IA no futuro, como triagem personalizada e previsão de cânceres de intervalo.",exclude,"O artigo é uma revisão de literatura e não apresenta dados primários ou métricas de performance, o que justifica a exclusão de acordo com os critérios estabelecidos."
2022,[Second reading in breast cancer screening program: State of knowledge and future].,"Ceugnart, Luc, Doutriaux-Dumoulin, Isabelle, Heid, Patrice, Orabona, Joseph, Deghaye, Michel, Dufour, Martine, Tardivon, Anne, Potocki, Josiane, Gautier, Claude Pierre, Brault, Isabelle, Rymzhanova, Raoucha, Barraux-Krabe, Max, Seradour, Brigitte",https://dx.doi.org/10.1016/j.bulcan.2022.03.004,"O artigo discute a leitura secundária em programas de rastreamento de câncer de mama, mas não apresenta dados sobre o uso de Deep Learning ou algoritmos de IA aplicados a mamografias.","O artigo aborda a importância da leitura secundária em programas organizados de rastreamento de câncer de mama, destacando a evolução tecnológica e a necessidade de melhorias nesse processo. Embora mencione a inteligência artificial, não fornece detalhes sobre sua aplicação em mamografias ou métricas de desempenho.",exclude,"O artigo não apresenta dados sobre o uso de Deep Learning ou algoritmos de IA aplicados a mamografias, conforme indicado nos critérios de exclusão."
2022,Evaluation of reader performance during interpretation of breast cancer screening: the Recall and detection Of breast Cancer in Screening (ROCS) trial study design.,"Sechopoulos, Ioannis, Abbey, Craig K, van der Waal, Daniëlle, Geertse, Tanya, Tetteroo, Eric, Pijnappel, Ruud M, Broeders, Mireille J M",https://www.ncbi.nlm.nih.gov/pmc/articles/PMC9668759,"O estudo não utiliza algoritmos de Deep Learning, focando apenas na performance de radiologistas na interpretação de mamografias.","O estudo ROCS investiga a relação entre taxa de recall e taxa de detecção de câncer em mamografias, utilizando um sistema de aquisição de dados inovador. Ele coleta avaliações de probabilidade de malignidade de radiologistas durante a interpretação de casos de mamografia digital. O objetivo é fornecer evidências de desempenho baseadas na prática para otimizar o rastreamento do câncer de mama.",exclude,"A exclusão está correta, pois o estudo não envolve o uso de algoritmos de Deep Learning, conforme exigido pelos critérios de inclusão."
2022,Editorial Comment: Artificial Intelligence in Mammography-Our New Reality.,"Khanani, Sadia",https://dx.doi.org/10.2214/AJR.22.27345,O artigo é um editorial e não apresenta dados primários ou resultados de pesquisa.,"O artigo é um comentário editorial sobre a inteligência artificial na mamografia, sem dados de pesquisa ou resultados.",exclude,"O artigo é um editorial, o que se alinha com os critérios de exclusão que descartam publicações desse tipo, pois não apresentam dados primários ou resultados de pesquisa."
2022,AI as a new paradigm for risk-based screening for breast cancer.,"Houssami, Nehmat, Kerlikowske, Karla",https://dx.doi.org/10.1038/s41591-021-01649-3,O artigo é um editorial e não apresenta dados primários ou resultados de um estudo original.,"O artigo discute a IA como um novo paradigma para o rastreamento baseado em risco para câncer de mama, mas não fornece dados de pesquisa ou métricas de desempenho.",exclude,"A decisão de exclusão está correta, pois o artigo é classificado como um editorial, que não se encaixa nos critérios de inclusão que exigem dados primários ou resultados de estudos originais."
2022,Artificial intelligence breast ultrasound and handheld ultrasound in the BI-RADS categorization of breast lesions: A pilot head to head comparison study in screening program.,"Huang, Xiaoxi, Qiu, Youhui, Bao, Fangfang, Wang, Juanhua, Lin, Caifeng, Lin, Yan, Wu, Jianhang, Yang, Haomin",https://www.ncbi.nlm.nih.gov/pmc/articles/PMC9889643,"O estudo utiliza apenas Ultrassom e não envolve mamografia, violando o critério de inclusão.","O estudo compara a categorização BI-RADS de lesões mamárias entre um sistema de inteligência artificial para ultrassom (AIBUS) e ultrassom manual (HHUS). Os resultados mostram que o AIBUS detectou mais nódulos mamários em comparação ao HHUS, sugerindo seu potencial uso na triagem de câncer de mama. No entanto, o estudo não envolve mamografia.",exclude,"A exclusão está correta, pois o estudo se concentra apenas em ultrassom e não envolve mamografia, violando claramente os critérios de inclusão da revisão."
2022,Artificial Intelligence as an Assistant in Breast Cancer Screening.,"Fuchsjäger, Michael H, Adelsmayr, Gabriel",https://dx.doi.org/10.1148/radiol.212675,O artigo é uma carta ao editor e não apresenta dados primários ou um estudo completo.,"O artigo discute a inteligência artificial como assistente no rastreamento do câncer de mama, mas não fornece detalhes sobre um estudo específico ou resultados.",exclude,"A decisão de exclusão está correta, pois o artigo é uma carta ao editor, que se enquadra nos critérios de exclusão para tipo de publicação."
2022,Multi-Institutional Validation of a Mammography-Based Breast Cancer Risk Model.,"Yala, Adam, Mikhael, Peter G, Strand, Fredrik, Lin, Gigin, Satuluru, Siddharth, Kim, Thomas, Banerjee, Imon, Gichoya, Judy, Trivedi, Hari, Lehman, Constance D, Hughes, Kevin, Sheedy, David J, Matthis, Lisa M, Karunakaran, Bipin, Hegarty, Karen E, Sabino, Silvia, Silva, Thiago B, Evangelista, Maria C, Caron, Renato F, Souza, Bruno, Mauad, Edmundo C, Patalon, Tal, Handelman-Gotlib, Sharon, Guindy, Michal, Barzilay, Regina",https://www.ncbi.nlm.nih.gov/pmc/articles/PMC9148689,"O estudo não utiliza algoritmos de Deep Learning, mas sim um modelo de risco baseado em IA que não é classificado como Deep Learning.","O estudo valida um modelo de risco baseado em mamografia chamado Mirai, utilizando dados de 128,793 mamografias de diversas instituições. O modelo obteve índices de concordância que variaram de 0.75 a 0.84 na previsão de risco de câncer de mama. A pesquisa destaca a importância da validação em populações diversas para a implementação de modelos de IA na triagem do câncer de mama.",exclude,"A exclusão está correta, pois o estudo não utiliza algoritmos de Deep Learning, conforme os critérios de seleção que exigem especificamente o uso dessa tecnologia."
2022,Diagnostic Performance of an Artificial Intelligence System in Breast Ultrasound.,"O'Connell, Avice M, Bartolotta, Tommaso V, Orlando, Alessia, Jung, Sin-Ho, Baek, Jihye, Parker, Kevin J",https://dx.doi.org/10.1002/jum.15684,"O estudo se concentra apenas em ultrassonografia e não envolve mamografia, violando o critério de inclusão.","O estudo avaliou o desempenho de um sistema de inteligência artificial na assistência ao diagnóstico de câncer de mama por meio de ultrassonografia. Dez radiologistas analisaram imagens de ultrassom, e os resultados do AI foram comparados com os diagnósticos dos radiologistas. O AI apresentou sensibilidade, especificidade e acurácia acima de 0,8, semelhante aos melhores radiologistas.",exclude,"A exclusão está correta, pois o estudo se concentra exclusivamente em ultrassonografia, que não se alinha aos critérios de inclusão que requerem o uso de mamografia."
2021,Deep-Learning-Driven Full-Waveform Inversion for Ultrasound Breast Imaging.,"Robins T, Camacho J, Agudo OC, Herraiz JL, Guasch L",https://pubmed.ncbi.nlm.nih.gov/34283105/,"O estudo se concentra em imagens de ultrassom e não envolve mamografia, violando o critério de população.","O estudo apresenta uma abordagem de inversão de forma de onda total (FWI) usando uma rede neural convolucional para melhorar a qualidade das imagens de ultrassom da mama. Os resultados mostram que a técnica proposta gera imagens de alta resolução, mas não envolve mamografia. Portanto, não se aplica aos critérios da revisão.",exclude,"A exclusão está correta, pois o estudo se concentra exclusivamente em imagens de ultrassom, que não se enquadra nos critérios de inclusão que exigem o uso de mamografia."
2021,Artificial intelligence for the real world of breast screening.,Wallis MG,https://pubmed.ncbi.nlm.nih.gov/34598013/,"O artigo é uma revisão sobre o uso de IA em mamografia, mas não apresenta dados primários ou métricas de performance específicas.","O artigo discute a importância da triagem de câncer de mama com mamografia e a eficácia dos algoritmos de IA em comparação com leitores humanos. No entanto, enfatiza a necessidade de estudos prospectivos para validar o desempenho da IA na prática clínica real.",exclude,"O artigo é uma revisão de literatura e não apresenta dados primários ou métricas de performance, o que justifica a exclusão de acordo com os critérios estabelecidos."
2021,Relation of Quantitative Histologic and Radiologic Breast Tissue Composition Metrics With Invasive Breast Cancer Risk.,"Abubakar M, Fan S, Bowles EA, Widemann L, Duggan MA, Pfeiffer RM, Falk RT, Lawrence S, Richert-Boe K, Glass AG, Kimes TM, Figueroa JD, Rohan TE, Gierach GL",https://pubmed.ncbi.nlm.nih.gov/33981950/,"O estudo não utiliza algoritmos de Deep Learning aplicados a mamografias, mas sim machine learning em biópsias e mamografias, sem atender aos critérios de intervenção.","O estudo investiga a relação entre métricas histológicas e radiológicas da composição do tecido mamário e o risco de câncer de mama invasivo em pacientes com doença mamária benigna. Utilizando machine learning em biópsias e mamografias, os autores identificaram associações entre características do tecido e o risco de câncer. Os resultados destacam a importância de biomarcadores preditivos para mulheres com doença não proliferativa.",exclude,"A exclusão está correta, pois o estudo utiliza machine learning em biópsias e mamografias, mas não aplica algoritmos de Deep Learning, violando assim o critério de intervenção."
2021,Artificial intelligence system reduces false-positive findings in the interpretation of breast ultrasound exams.,"Shen Y, Shamout FE, Oliver JR, Witowski J, Kannan K, Park J, Wu N, Huddleston C, Wolfson S, Millet A, Ehrenpreis R, Awal D, Tyma C, Samreen N, Gao Y, Chhor C, Gandhi S, Lee C, Kumari-Subaiya S, Leonard C, Mohammed R, Moczulski C, Altabet J, Babb J, Lewin A, Reig B, Moy L, Heacock L, Geras KJ",https://pubmed.ncbi.nlm.nih.gov/34561440/,"O estudo se concentra exclusivamente em ultrassonografia e não menciona mamografia, violando o critério de inclusão.","O estudo apresenta um sistema de IA que melhora a precisão na detecção de câncer de mama em exames de ultrassonografia, alcançando uma AUROC de 0,976. A IA reduz as taxas de falsos positivos em 37,3% e as biópsias solicitadas em 27,8%, mantendo a sensibilidade. No entanto, não envolve mamografia.",exclude,"A exclusão está correta, pois o estudo se concentra exclusivamente em ultrassonografia, que é um critério de exclusão claro, já que não envolve mamografia."
2021,A tree-based multiclassification of breast tumor histopathology images through deep learning.,"Murtaza G, Abdul Wahab AW, Raza G, Shuib L",https://pubmed.ncbi.nlm.nih.gov/33545489/,"O estudo utiliza imagens de histopatologia em vez de mamografia, o que não atende aos critérios de inclusão.","O estudo desenvolve um modelo de classificação multiclassificação de tumores de mama usando imagens de histopatologia e deep learning. O modelo proposto alcançou uma precisão de classificação entre 87,50% e 100% para quatro subtipos de tumores. No entanto, não utiliza mamografia, que é um critério essencial para inclusão.",exclude,"A exclusão está correta, pois o estudo utiliza apenas imagens de histopatologia, que não se enquadram nos critérios de inclusão que exigem o uso de mamografia."
2021,Prospective assessment of breast cancer risk from multimodal multiview ultrasound images via clinically applicable deep learning.,"Qian X, Pei J, Zheng H, Xie X, Yan L, Zhang H, Han C, Gao X, Zhang H, Zheng W, Sun Q, Lu L, Shung KK",https://pubmed.ncbi.nlm.nih.gov/33875840/,"O estudo utiliza apenas imagens de ultrassom e não envolve mamografia, violando o critério de inclusão.","O estudo avalia a aplicação de um sistema de deep learning para classificar imagens de ultrassom da mama, mostrando que o modelo previu com precisão os escores BI-RADS. No entanto, não envolve mamografia, limitando sua relevância para a revisão.",exclude,"A exclusão está correta, pois o estudo utiliza apenas imagens de ultrassom, sem envolver mamografia, o que viola claramente os critérios de inclusão da revisão."
2021,VIRTUAL CLINICAL TRIALS IN MEDICAL IMAGING SYSTEM EVALUATION AND OPTIMISATION.,"Barufaldi B, Maidment ADA, Dustler M, Axelsson R, Tomic H, Zackrisson S, Tingberg A, Bakic PR",https://pubmed.ncbi.nlm.nih.gov/34144597/,"O estudo não apresenta dados de desempenho de algoritmos de Deep Learning aplicados a mamografia, focando em simulações e otimizações de sistemas de imagem.","O artigo discute o uso de ensaios clínicos virtuais (VCTs) para avaliar e otimizar sistemas de imagem médica, com ênfase na tomossíntese digital (DBT). O estudo compara leituras virtuais e clínicas, mas não apresenta resultados de algoritmos de Deep Learning aplicados a mamografias. O foco está na otimização da qualidade da imagem e não na aplicação de IA.",exclude,"O artigo se concentra em simulações e otimizações de sistemas de imagem, sem apresentar dados de desempenho de algoritmos de Deep Learning aplicados a mamografia, o que justifica a exclusão."
2021,Differential diagnosis of breast cancer assisted by S-Detect artificial intelligence system.,"Xia, Qun, Cheng, Yangmei, Hu, Jinhua, Huang, Juxia, Yu, Yi, Xie, Hongjuan, Wang, Jun",https://dx.doi.org/10.3934/mbe.2021184,"O estudo utiliza apenas imagens de ultrassom e não envolve mamografia, violando o critério de inclusão.","O estudo avaliou o valor diagnóstico assistido do sistema de inteligência artificial S-Detect na diferenciação entre massas benignas e malignas em imagens de ultrassom. Foram analisadas imagens convencionais e modos de S-Detect, com resultados mostrando alta sensibilidade e especificidade. No entanto, o foco em ultrassom exclui a inclusão na revisão.",exclude,"A exclusão está correta, pois o estudo utiliza apenas imagens de ultrassom, o que viola claramente o critério de inclusão que requer o uso de mamografia."
2021,Application of ultrasonic dual-mode artificially intelligent architecture in assisting radiologists with different diagnostic levels on breast masses classification.,"Li, Chunxiao, Li, Jiajun, Tan, Tao, Chen, Kun, Xu, Yi, Wu, Rong",https://www.ncbi.nlm.nih.gov/pmc/articles/PMC8136533,"O estudo utiliza apenas ultrassonografia e elastografia, sem envolver mamografia, o que viola os critérios de inclusão.","O estudo avaliou a performance diagnóstica de um sistema de inteligência artificial que integra informações de ultrassonografia e elastografia para classificação de tumores mamários. Os resultados mostraram melhorias na acurácia e na variabilidade entre observadores, especialmente entre radiologistas inexperientes. No entanto, não envolve mamografia, que é um critério essencial para inclusão.",exclude,"A exclusão está correta, pois o estudo se concentra exclusivamente em ultrassonografia e elastografia, sem envolver mamografia, o que viola claramente os critérios de inclusão da revisão."
2021,Application of deep learning to establish a diagnostic model of breast lesions using two-dimensional grayscale ultrasound imaging.,"Zhang, Nan, Li, Xiao-Ting, Ma, Lu, Fan, Zhao-Qing, Sun, Ying-Shi",https://dx.doi.org/10.1016/j.clinimag.2021.03.024,"O estudo utiliza apenas imagens de ultrassom e não envolve mamografia, violando o critério de inclusão.","O estudo desenvolveu um modelo de diagnóstico de lesões mamárias usando imagens de ultrassom bidimensionais e comparou seu desempenho com o de radiologistas. Os resultados mostraram que o modelo de IA teve uma acurácia de 77,0% e um AUC de 0,846. Apesar de um desempenho promissor, o estudo não aborda mamografia.",exclude,"A exclusão está correta, pois o estudo utiliza apenas imagens de ultrassom, o que viola claramente os critérios de inclusão que exigem o uso de mamografia."
2021,Artificial intelligence for breast ultrasound: An adjunct tool to reduce excessive lesion biopsy.,"Wang, Xin-Yi, Cui, Li-Gang, Feng, Jie, Chen, Wen",https://dx.doi.org/10.1016/j.ejrad.2021.109624,"O estudo utiliza apenas Ultrassom e não envolve mamografia, violando o critério de inclusão.","O estudo avaliou se a adição de um sistema de inteligência artificial ao ultrassom mamário poderia reduzir biópsias desnecessárias. Foram analisadas 173 lesões suspeitas, e os resultados mostraram que a taxa de biópsias poderia ser significativamente reduzida com a avaliação da IA. No entanto, o estudo não envolveu mamografia.",exclude,"A exclusão está correta, pois o estudo se concentra exclusivamente em Ultrassom e não envolve mamografia, o que viola claramente os critérios de inclusão da revisão."
2021,Optimized Radial Basis Neural Network for Classification of Breast Cancer Images.,"Rajathi, G M",https://dx.doi.org/10.2174/1573405616666200516172118,"O estudo utiliza uma rede neural de base radial (RBNN) e menciona imagens de ressonância magnética (MRI) em vez de mamografia, o que não atende aos critérios de inclusão.","O estudo propõe uma rede neural de base radial otimizada para classificar imagens de câncer de mama, utilizando um algoritmo de otimização. Embora mencione a mamografia, o foco principal está em imagens de MRI, o que não se alinha aos critérios da revisão. O desempenho do classificador é avaliado com métricas como precisão e recall.",exclude,"A exclusão está correta, pois o estudo utiliza imagens de ressonância magnética (MRI), que não se enquadra nos critérios de inclusão que especificam o uso de mamografia."
2021,Consideraciones bioéticas en relación con el uso de la inteligencia artificial en mastología,"Actis, Andrea Mariel",http://www.scielo.edu.uy/scielo.php?script=sci_arttext&pid=S1688-03902021000401502&lng=es&nrm=iso&tlng=es,O artigo é uma reflexão bioética e não apresenta dados de pesquisa ou métricas de performance sobre o uso de IA em mamografia.,"O artigo discute considerações bioéticas relacionadas ao uso de inteligência artificial na mastologia, abordando as vantagens e limitações da tecnologia no screening mamográfico. No entanto, não apresenta dados de pesquisa ou resultados sobre a eficácia da IA na detecção de câncer de mama.",exclude,"O artigo é uma reflexão bioética e não apresenta dados de pesquisa ou métricas de performance, violando claramente os critérios de inclusão."
